Id,Dates,DayOfWeek,PdDistrict,Address,X,Y
0,5/10/2015 23:59,Sunday,BAYVIEW,2000 Block of THOMAS AV,-122.3995877,37.73505101
1,5/10/2015 23:51,Sunday,BAYVIEW,3RD ST / REVERE AV,-122.3915229,37.73243239
2,5/10/2015 23:50,Sunday,NORTHERN,2000 Block of GOUGH ST,-122.426002,37.79221244
3,5/10/2015 23:45,Sunday,INGLESIDE,4700 Block of MISSION ST,-122.437394,37.72141206
4,5/10/2015 23:45,Sunday,INGLESIDE,4700 Block of MISSION ST,-122.437394,37.72141206
5,5/10/2015 23:40,Sunday,TARAVAL,BROAD ST / CAPITOL AV,-122.4590236,37.7131719
6,5/10/2015 23:30,Sunday,INGLESIDE,100 Block of CHENERY ST,-122.4256165,37.73935051
7,5/10/2015 23:30,Sunday,INGLESIDE,200 Block of BANKS ST,-122.412652,37.73975016
8,5/10/2015 23:10,Sunday,MISSION,2900 Block of 16TH ST,-122.4187001,37.76516494
9,5/10/2015 23:10,Sunday,CENTRAL,TAYLOR ST / GREEN ST,-122.4139346,37.79888645
10,5/10/2015 23:00,Sunday,INGLESIDE,100 Block of PERALTA AV,-122.4086078,37.74678736
11,5/10/2015 23:00,Sunday,MISSION,600 Block of FLORIDA ST,-122.4110938,37.76104757
12,5/10/2015 23:00,Sunday,MISSION,600 Block of FLORIDA ST,-122.4110938,37.76104757
13,5/10/2015 23:00,Sunday,CENTRAL,200 Block of VALLEJO ST,-122.4021306,37.7993635
14,5/10/2015 23:00,Sunday,CENTRAL,JEFFERSON ST / HYDE ST,-122.4207475,37.80758774
15,5/10/2015 22:50,Sunday,TENDERLOIN,GOLDEN GATE AV / HYDE ST,-122.4155082,37.78165428
16,5/10/2015 22:36,Sunday,TARAVAL,1200 Block of OCEAN AV,-122.4556785,37.72370174
17,5/10/2015 22:00,Sunday,INGLESIDE,1200 Block of GIRARD ST,-122.4002983,37.71718084
18,5/10/2015 22:00,Sunday,NORTHERN,1900 Block of FILLMORE ST,-122.4336685,37.78770855
19,5/10/2015 22:00,Sunday,NORTHERN,GREEN ST / POLK ST,-122.4221496,37.79782438
20,5/10/2015 22:00,Sunday,NORTHERN,GREEN ST / POLK ST,-122.4221496,37.79782438
21,5/10/2015 22:00,Sunday,MISSION,15TH ST / FOLSOM ST,-122.4154644,37.76693703
22,5/10/2015 21:54,Sunday,CENTRAL,1800 Block of KEARNY ST,-122.4068206,37.80482829
23,5/10/2015 21:51,Sunday,INGLESIDE,200 Block of PEABODY ST,-122.4079225,37.70900404
24,5/10/2015 21:35,Sunday,NORTHERN,500 Block of HAIGHT ST,-122.43129,37.77205498
25,5/10/2015 21:30,Sunday,RICHMOND,200 Block of 11TH AV,-122.4699067,37.78361619
26,5/10/2015 21:30,Sunday,NORTHERN,800 Block of FULTON ST,-122.4311491,37.77769841
27,5/10/2015 21:16,Sunday,SOUTHERN,800 Block of BRYANT ST,-122.4034048,37.77542071
28,5/10/2015 21:00,Sunday,INGLESIDE,300 Block of LOSPALMOS DR,-122.4506763,37.73540083
29,5/10/2015 21:00,Sunday,TARAVAL,1800 Block of 15TH AV,-122.4721307,37.75339072
30,5/10/2015 21:00,Sunday,TARAVAL,1900 Block of GREAT HY,-122.5079929,37.75002748
31,5/10/2015 21:00,Sunday,INGLESIDE,1400 Block of NOE ST,-122.4312996,37.74623379
32,5/10/2015 21:00,Sunday,TARAVAL,1300 Block of 48TH AV,-122.5082009,37.76123915
33,5/10/2015 21:00,Sunday,NORTHERN,FILLMORE ST / LOMBARD ST,-122.4360492,37.79984122
34,5/10/2015 21:00,Sunday,BAYVIEW,TENNESSEE ST / 19TH ST,-122.3896111,37.76171217
35,5/10/2015 21:00,Sunday,RICHMOND,FULTON ST / 10TH AV,-122.4680223,37.77330394
36,5/10/2015 20:37,Sunday,SOUTHERN,MISSION ST / 7TH ST,-122.4109392,37.77921226
37,5/10/2015 20:30,Sunday,PARK,200 Block of WOODSIDE AV,-122.4542399,37.7459563
38,5/10/2015 20:30,Sunday,TARAVAL,2100 Block of 15TH AV,-122.4716141,37.74788875
39,5/10/2015 20:30,Sunday,TARAVAL,2200 Block of JUDAH ST,-122.4861106,37.76124393
40,5/10/2015 20:30,Sunday,RICHMOND,500 Block of 21ST AV,-122.4801725,37.77741405
41,5/10/2015 20:30,Sunday,TARAVAL,2200 Block of JUDAH ST,-122.4861106,37.76124393
42,5/10/2015 20:12,Sunday,MISSION,1000 Block of POTRERO AV,-122.4065391,37.75648641
43,5/10/2015 20:00,Sunday,BAYVIEW,300 Block of TOCOLOMA AV,-122.3983206,37.71090485
44,5/10/2015 20:00,Sunday,INGLESIDE,200 Block of MAYNARD ST,-122.4249156,37.72950802
45,5/10/2015 20:00,Sunday,NORTHERN,1300 Block of GREEN ST,-122.4213512,37.79798145
46,5/10/2015 20:00,Sunday,NORTHERN,FELL ST / LAGUNA ST,-122.4260714,37.77552412
47,5/10/2015 20:00,Sunday,SOUTHERN,MARKET ST / 6TH ST,-122.4102935,37.78223059
48,5/10/2015 20:00,Sunday,NORTHERN,POLK ST / GEARY ST,-122.4197398,37.78589261
49,5/10/2015 20:00,Sunday,INGLESIDE,MISSION ST / TRUMBULL ST,-122.4293067,37.73074292
50,5/10/2015 19:56,Sunday,SOUTHERN,FOLSOM ST / 6TH ST,-122.405619,37.77850452
51,5/10/2015 19:54,Sunday,RICHMOND,700 Block of 40TH AV,-122.5003804,37.77462065
52,5/10/2015 19:49,Sunday,INGLESIDE,200 Block of NEVADA ST,-122.4114994,37.73900872
53,5/10/2015 19:47,Sunday,NORTHERN,CHURCH ST / MARKET ST,-122.42895,37.76750273
54,5/10/2015 19:47,Sunday,NORTHERN,CHURCH ST / MARKET ST,-122.42895,37.76750273
55,5/10/2015 19:47,Sunday,NORTHERN,CHURCH ST / MARKET ST,-122.42895,37.76750273
56,5/10/2015 19:45,Sunday,SOUTHERN,8TH ST / MISSION ST,-122.4131609,37.77745666
57,5/10/2015 19:35,Sunday,MISSION,1000 Block of SOUTH VAN NESS AV,-122.4167106,37.75634797
58,5/10/2015 19:35,Sunday,MISSION,1000 Block of SOUTH VAN NESS AV,-122.4167106,37.75634797
59,5/10/2015 19:30,Sunday,TARAVAL,2300 Block of 9TH AV,-122.4674726,37.7470552
60,5/10/2015 19:30,Sunday,BAYVIEW,2800 Block of SAN BRUNO AV,-122.4029122,37.72580545
61,5/10/2015 19:30,Sunday,NORTHERN,WASHINGTON ST / GOUGH ST,-122.4261587,37.79263323
62,5/10/2015 19:20,Sunday,INGLESIDE,SAN JOSE AV / SGTJOHNVYOUNG LN,-122.4430669,37.72498717
63,5/10/2015 19:20,Sunday,NORTHERN,VANNESS AV / MCALLISTER ST,-122.4202505,37.78007457
64,5/10/2015 19:16,Sunday,SOUTHERN,800 Block of MARKET ST,-122.406521,37.78506294
65,5/10/2015 19:00,Sunday,SOUTHERN,800 Block of BRYANT ST,-122.4034048,37.77542071
66,5/10/2015 19:00,Sunday,SOUTHERN,800 Block of BRYANT ST,-122.4034048,37.77542071
67,5/10/2015 19:00,Sunday,INGLESIDE,0 Block of LAURA ST,-122.450671,37.71021417
68,5/10/2015 19:00,Sunday,NORTHERN,200 Block of BUCHANAN ST,-122.4271796,37.77228318
69,5/10/2015 19:00,Sunday,SOUTHERN,800 Block of MARKET ST,-122.4076335,37.78418935
70,5/10/2015 19:00,Sunday,SOUTHERN,800 Block of BRYANT ST,-122.4034048,37.77542071
71,5/10/2015 18:58,Sunday,RICHMOND,GEARY BL / 28TH AV,-122.4879465,37.77994415
72,5/10/2015 18:58,Sunday,RICHMOND,GEARY BL / 28TH AV,-122.4879465,37.77994415
73,5/10/2015 18:58,Sunday,RICHMOND,GEARY BL / 28TH AV,-122.4879465,37.77994415
74,5/10/2015 18:52,Sunday,TENDERLOIN,OFARRELL ST / POWELL ST,-122.4080405,37.7864094
75,5/10/2015 18:45,Sunday,RICHMOND,600 Block of 9TH AV,-122.4672211,37.77613432
76,5/10/2015 18:30,Sunday,BAYVIEW,400 Block of MISSISSIPPI ST,-122.3943429,37.76077136
77,5/10/2015 18:30,Sunday,PARK,1200 Block of PAGE ST,-122.4413937,37.77172731
78,5/10/2015 18:30,Sunday,PARK,1200 Block of PAGE ST,-122.4413937,37.77172731
79,5/10/2015 18:30,Sunday,PARK,2400 Block of GEARY BL,-122.4436429,37.78291837
80,5/10/2015 18:30,Sunday,BAYVIEW,7TH ST / 16TH ST,-122.3950628,37.76654436
81,5/10/2015 18:29,Sunday,MISSION,16TH ST / MISSION ST,-122.4196718,37.76505012
82,5/10/2015 18:15,Sunday,TARAVAL,600 Block of IRVING ST,-122.4647226,37.76416172
83,5/10/2015 18:15,Sunday,TARAVAL,2300 Block of 42ND AV,-122.5004661,37.74287443
84,5/10/2015 18:10,Sunday,RICHMOND,FULTON ST / LA PLAYA ST,-122.509893,37.7713943
85,5/10/2015 18:00,Sunday,RICHMOND,3900 Block of GEARY BL,-122.4616037,37.78101778
86,5/10/2015 18:00,Sunday,RICHMOND,3900 Block of GEARY BL,-122.4616037,37.78101778
87,5/10/2015 18:00,Sunday,BAYVIEW,700 Block of LECONTE AV,-122.3966776,37.71672193
88,5/10/2015 17:52,Sunday,CENTRAL,GREEN ST / BANNAM PL,-122.4077026,37.79966317
89,5/10/2015 17:35,Sunday,NORTHERN,400 Block of VANNESS AV,-122.4202173,37.77915102
90,5/10/2015 17:30,Sunday,SOUTHERN,800 Block of MARKET ST,-122.4076335,37.78418935
91,5/10/2015 17:30,Sunday,SOUTHERN,800 Block of MARKET ST,-122.4076335,37.78418935
92,5/10/2015 17:30,Sunday,INGLESIDE,0 Block of DELANO AV,-122.4401598,37.72709432
93,5/10/2015 17:30,Sunday,MISSION,CESAR CHAVEZ ST / POTRERO AV,-122.4050969,37.74911001
94,5/10/2015 17:30,Sunday,MISSION,CESAR CHAVEZ ST / POTRERO AV,-122.4050969,37.74911001
95,5/10/2015 17:30,Sunday,RICHMOND,FUNSTON AV / CABRILLO ST,-122.4713729,37.77502523
96,5/10/2015 17:30,Sunday,NORTHERN,FILLMORE ST / GEARY BL,-122.4329146,37.78435334
97,5/10/2015 17:29,Sunday,BAYVIEW,1300 Block of THOMAS AV,-122.3865942,37.72781834
98,5/10/2015 17:28,Sunday,TARAVAL,1800 Block of IRVING ST,-122.477696,37.76359154
99,5/10/2015 17:17,Sunday,SOUTHERN,800 Block of BRYANT ST,-122.4034048,37.77542071
100,5/10/2015 17:15,Sunday,SOUTHERN,800 Block of FOLSOM ST,-122.402246,37.78108882
101,5/10/2015 17:12,Sunday,SOUTHERN,0 Block of NEWMONTGOMERY ST,-122.4017383,37.78853358
102,5/10/2015 17:12,Sunday,SOUTHERN,0 Block of NEWMONTGOMERY ST,-122.4017383,37.78853358
103,5/10/2015 17:10,Sunday,NORTHERN,1800 Block of GEARY BL,-122.4320353,37.78425011
104,5/10/2015 17:10,Sunday,PARK,DIVISADERO ST / GROVE ST,-122.4379902,37.77592487
105,5/10/2015 17:10,Sunday,SOUTHERN,SOUTH VAN NESS AV / MISSION ST,-122.418619,37.77305255
106,5/10/2015 17:00,Sunday,MISSION,20TH ST / GUERRERO ST,-122.4234883,37.75836507
107,5/10/2015 17:00,Sunday,MISSION,FLORIDA ST / 20TH ST,-122.4107618,37.7591352
108,5/10/2015 16:59,Sunday,MISSION,24TH ST / MISSION ST,-122.4184482,37.75223917
109,5/10/2015 16:59,Sunday,MISSION,24TH ST / MISSION ST,-122.4184482,37.75223917
110,5/10/2015 16:59,Sunday,MISSION,24TH ST / MISSION ST,-122.4184482,37.75223917
111,5/10/2015 16:58,Sunday,SOUTHERN,800 Block of MARKET ST,-122.406521,37.78506294
112,5/10/2015 16:55,Sunday,TENDERLOIN,100 Block of POWELL ST,-122.4080145,37.78595078
113,5/10/2015 16:55,Sunday,MISSION,200 Block of 13TH ST,-122.4179492,37.76972086
114,5/10/2015 16:50,Sunday,TARAVAL,200 Block of CLAREMONT BL,-122.4646709,37.74111549
115,5/10/2015 16:45,Sunday,SOUTHERN,800 Block of BRYANT ST,-122.4034048,37.77542071
116,5/10/2015 16:42,Sunday,SOUTHERN,2ND ST / KING ST,-122.3895953,37.7798612
117,5/10/2015 16:24,Sunday,TENDERLOIN,500 Block of JONES ST,-122.4129991,37.78627746
118,5/10/2015 16:15,Sunday,CENTRAL,600 Block of JACKSON ST,-122.4060643,37.79615288
119,5/10/2015 16:15,Sunday,CENTRAL,2500 Block of POWELL ST,-122.4124969,37.80815769
120,5/10/2015 16:15,Sunday,SOUTHERN,1700 Block of MARKET ST,-122.422478,37.77275652
121,5/10/2015 16:15,Sunday,BAYVIEW,22ND ST / ILLINOIS ST,-122.3873163,37.75800217
122,5/10/2015 16:15,Sunday,TENDERLOIN,HYDE ST / EDDY ST,-122.4158851,37.78351606
123,5/10/2015 16:15,Sunday,TENDERLOIN,HYDE ST / EDDY ST,-122.4158851,37.78351606
124,5/10/2015 16:15,Sunday,TENDERLOIN,HYDE ST / EDDY ST,-122.4158851,37.78351606
125,5/10/2015 16:07,Sunday,TARAVAL,3200 Block of 20TH AV,-122.4756475,37.72852806
126,5/10/2015 16:00,Sunday,CENTRAL,1000 Block of BUSH ST,-122.4145549,37.78936834
127,5/10/2015 16:00,Sunday,SOUTHERN,500 Block of STEVENSON ST,-122.4108918,37.78090977
128,5/10/2015 16:00,Sunday,SOUTHERN,200 Block of INTERSTATE80 HY,-122.3655654,37.8096707
129,5/10/2015 16:00,Sunday,CENTRAL,0 Block of BEACH ST,-122.4098712,37.80793963
130,5/10/2015 16:00,Sunday,NORTHERN,2400 Block of LOMBARD ST,-122.4418116,37.79900194
131,5/10/2015 15:57,Sunday,SOUTHERN,800 Block of BRYANT ST,-122.4034048,37.77542071
132,5/10/2015 15:57,Sunday,SOUTHERN,800 Block of BRYANT ST,-122.4034048,37.77542071
133,5/10/2015 15:57,Sunday,SOUTHERN,800 Block of BRYANT ST,-122.4034048,37.77542071
134,5/10/2015 15:56,Sunday,TENDERLOIN,500 Block of ELLIS ST,-122.4154142,37.78447666
135,5/10/2015 15:45,Sunday,SOUTHERN,1300 Block of HOWARD ST,-122.4136384,37.77454179
136,5/10/2015 15:30,Sunday,SOUTHERN,800 Block of BRYANT ST,-122.4034048,37.77542071
137,5/10/2015 15:22,Sunday,PARK,MIDDLE DR / METSON RD,-122.4929129,37.76614197
138,5/10/2015 15:15,Sunday,SOUTHERN,100 Block of SOUTH VAN NESS AV,-122.4182996,37.77153763
139,5/10/2015 15:15,Sunday,PARK,MIDDLE DR / METSON RD,-122.4929129,37.76614197
140,5/10/2015 15:11,Sunday,SOUTHERN,700 Block of MISSION ST,-122.40307,37.78526863
141,5/10/2015 15:00,Sunday,INGLESIDE,0 Block of MOFFITT ST,-122.4327878,37.73715667
142,5/10/2015 15:00,Sunday,SOUTHERN,0 Block of 1ST ST,-122.3980982,37.79010196
143,5/10/2015 15:00,Sunday,INGLESIDE,ALEMANY BL / OTTAWA AV,-122.4458358,37.7152969
144,5/10/2015 14:59,Sunday,TENDERLOIN,400 Block of TURK ST,-122.4163494,37.78255696
145,5/10/2015 14:49,Sunday,SOUTHERN,8TH ST / MINNA ST,-122.4126203,37.77702593
146,5/10/2015 14:46,Sunday,NORTHERN,ELM ST / VANNESS AV,-122.4205399,37.78149825
147,5/10/2015 14:45,Sunday,BAYVIEW,0 Block of OSCEOLA LN,-122.3831875,37.7316758
148,5/10/2015 14:30,Sunday,SOUTHERN,800 Block of BRYANT ST,-122.4034048,37.77542071
149,5/10/2015 14:30,Sunday,SOUTHERN,800 Block of BRYANT ST,-122.4034048,37.77542071
150,5/10/2015 14:30,Sunday,BAYVIEW,300 Block of GIRARD ST,-122.4049033,37.72794563
151,5/10/2015 14:15,Sunday,RICHMOND,500 Block of 18TH AV,-122.476962,37.77755988
152,5/10/2015 14:07,Sunday,MISSION,900 Block of VALENCIA ST,-122.4213018,37.75809572
153,5/10/2015 14:00,Sunday,NORTHERN,1100 Block of GEARY BL,-122.4222154,37.78552781
154,5/10/2015 14:00,Sunday,INGLESIDE,100 Block of MADRID ST,-122.4286497,37.72702086
155,5/10/2015 14:00,Sunday,INGLESIDE,400 Block of CONGO ST,-122.4419611,37.73273686
156,5/10/2015 14:00,Sunday,NORTHERN,STEINER ST / POST ST,-122.4347332,37.78494432
157,5/10/2015 14:00,Sunday,PARK,CASTRO ST / STATES ST,-122.4352603,37.76346295
158,5/10/2015 14:00,Sunday,CENTRAL,TAYLOR ST / BAY ST,-122.4152454,37.80541652
159,5/10/2015 14:00,Sunday,TARAVAL,SANTIAGO ST / 16TH AV,-122.470366,37.74515795
160,5/10/2015 13:45,Sunday,RICHMOND,1100 Block of 9TH AV,-122.4665044,37.76620143
161,5/10/2015 13:45,Sunday,CENTRAL,GEARY ST / MASON ST,-122.4098766,37.78714881
162,5/10/2015 13:30,Sunday,NORTHERN,100 Block of LARKIN ST,-122.4166077,37.77913875
163,5/10/2015 13:30,Sunday,SOUTHERN,800 Block of MISSION ST,-122.4053955,37.78351007
164,5/10/2015 13:30,Sunday,SOUTHERN,1200 Block of HOWARD ST,-122.4123497,37.77555585
165,5/10/2015 13:30,Sunday,CENTRAL,1900 Block of POWELL ST,-122.411229,37.80258484
166,5/10/2015 13:30,Sunday,NORTHERN,OAK ST / STEINER ST,-122.4324693,37.77375752
167,5/10/2015 13:27,Sunday,SOUTHERN,800 Block of MARKET ST,-122.4076335,37.78418935
168,5/10/2015 13:15,Sunday,CENTRAL,100 Block of LOMBARD ST,-122.4041728,37.8038752
169,5/10/2015 13:05,Sunday,CENTRAL,1300 Block of PINE ST,-122.4180281,37.78988129
170,5/10/2015 13:05,Sunday,CENTRAL,1300 Block of PINE ST,-122.4180281,37.78988129
171,5/10/2015 13:03,Sunday,RICHMOND,200 Block of 16TH AV,-122.4752328,37.78337366
172,5/10/2015 13:02,Sunday,NORTHERN,CALIFORNIA ST / GOUGH ST,-122.4256183,37.78995008
173,5/10/2015 13:00,Sunday,MISSION,1300 Block of UTAH ST,-122.4053372,37.75240894
174,5/10/2015 13:00,Sunday,TARAVAL,3200 Block of 20TH AV,-122.4756475,37.72852806
175,5/10/2015 13:00,Sunday,SOUTHERN,7TH ST / MINNA ST,-122.4104056,37.77878415
176,5/10/2015 12:59,Sunday,MISSION,300 Block of VALENCIA ST,-122.4220201,37.76701047
177,5/10/2015 12:50,Sunday,INGLESIDE,900 Block of PARIS ST,-122.4396163,37.7153102
178,5/10/2015 12:49,Sunday,SOUTHERN,1600 Block of MARKET ST,-122.4216195,37.77343394
179,5/10/2015 12:44,Sunday,SOUTHERN,300 Block of 2ND ST,-122.3962514,37.78525829
180,5/10/2015 12:43,Sunday,TARAVAL,1800 Block of 48TH AV,-122.5075488,37.75191545
181,5/10/2015 12:40,Sunday,SOUTHERN,800 Block of BRYANT ST,-122.4034048,37.77542071
182,5/10/2015 12:33,Sunday,SOUTHERN,800 Block of BRYANT ST,-122.4034048,37.77542071
183,5/10/2015 12:25,Sunday,NORTHERN,1600 Block of POLK ST,-122.4208964,37.79195678
184,5/10/2015 12:21,Sunday,INGLESIDE,100 Block of RIDGEWOOD AV,-122.4533408,37.73110972
185,5/10/2015 12:09,Sunday,CENTRAL,600 Block of POST ST,-122.4120324,37.78788549
186,5/10/2015 12:09,Sunday,CENTRAL,600 Block of POST ST,-122.4120324,37.78788549
187,5/10/2015 12:00,Sunday,CENTRAL,0 Block of CLAY ST,-122.3961706,37.79548699
188,5/10/2015 12:00,Sunday,SOUTHERN,800 Block of BRYANT ST,-122.4034048,37.77542071
189,5/10/2015 12:00,Sunday,CENTRAL,2800 Block of TAYLOR ST,-122.4159234,37.80859051
190,5/10/2015 12:00,Sunday,SOUTHERN,900 Block of FOLSOM ST,-122.4039794,37.77987474
191,5/10/2015 12:00,Sunday,SOUTHERN,800 Block of BRYANT ST,-122.4034048,37.77542071
192,5/10/2015 12:00,Sunday,SOUTHERN,800 Block of BRYANT ST,-122.4034048,37.77542071
193,5/10/2015 12:00,Sunday,RICHMOND,43RD AV / FULTON ST,-122.5034712,37.77168767
194,5/10/2015 12:00,Sunday,RICHMOND,43RD AV / FULTON ST,-122.5034712,37.77168767
195,5/10/2015 12:00,Sunday,CENTRAL,BAY ST / KEARNY ST,-122.4071493,37.80642673
196,5/10/2015 11:53,Sunday,CENTRAL,600 Block of JACKSON ST,-122.4060643,37.79615288
197,5/10/2015 11:50,Sunday,SOUTHERN,800 Block of BRYANT ST,-122.4034048,37.77542071
198,5/10/2015 11:45,Sunday,SOUTHERN,THE EMBARCADEROSOUTH ST / BRYANT ST,-122.3880074,37.78710272
199,5/10/2015 11:35,Sunday,SOUTHERN,0 Block of UNITEDNATIONS PZ,-122.4143179,37.77994441
200,5/10/2015 11:30,Sunday,INGLESIDE,GENEVA AV / NAPLES ST,-122.4361771,37.71420894
201,5/10/2015 11:15,Sunday,BAYVIEW,100 Block of GIRARD ST,-122.4057671,37.7303818
202,5/10/2015 11:15,Sunday,BAYVIEW,100 Block of GIRARD ST,-122.4057671,37.7303818
203,5/10/2015 11:15,Sunday,NORTHERN,100 Block of WEBSTER ST,-122.4285977,37.77164958
204,5/10/2015 11:11,Sunday,TARAVAL,100 Block of STONECREST DR,-122.4739993,37.72805714
205,5/10/2015 11:07,Sunday,NORTHERN,VANNESS AV / OFARRELL ST,-122.4211952,37.78475366
206,5/10/2015 11:00,Sunday,MISSION,1100 Block of POTRERO AV,-122.4063243,37.75363225
207,5/10/2015 11:00,Sunday,TENDERLOIN,0 Block of OFARRELL ST,-122.4058954,37.78673422
208,5/10/2015 10:58,Sunday,RICHMOND,4900 Block of ANZA ST,-122.5012108,37.77746448
209,5/10/2015 10:55,Sunday,TARAVAL,1700 Block of 17TH AV,-122.474467,37.75524726
210,5/10/2015 10:45,Sunday,PARK,FELL ST / PIERCE ST,-122.4342944,37.77447475
211,5/10/2015 10:45,Sunday,TENDERLOIN,LARKIN ST / GROVE ST,-122.4165835,37.77865915
212,5/10/2015 10:40,Sunday,BAYVIEW,2000 Block of JENNINGS ST,-122.3884529,37.72738135
213,5/10/2015 10:30,Sunday,MISSION,MISSION ST / 16TH ST,-122.4196718,37.76505012
214,5/10/2015 10:25,Sunday,CENTRAL,300 Block of BATTERY ST,-122.400216,37.79480303
215,5/10/2015 10:15,Sunday,CENTRAL,1600 Block of THE EMBARCADERONORTH ST,-122.4107742,37.80843502
216,5/10/2015 10:00,Sunday,PARK,800 Block of MASONIC AV,-122.4460636,37.7734477
217,5/10/2015 10:00,Sunday,TENDERLOIN,400 Block of EDDY ST,-122.4150669,37.78356348
218,5/10/2015 10:00,Sunday,CENTRAL,900 Block of STOCKTON ST,-122.4079245,37.79451753
219,5/10/2015 10:00,Sunday,NORTHERN,VANNESS AV / GOLDEN GATE AV,-122.4204395,37.78103085
220,5/10/2015 9:55,Sunday,TENDERLOIN,FULTON ST / LARKIN ST,-122.41677,37.77958458
221,5/10/2015 9:47,Sunday,PARK,HAIGHT ST / BUENAVISTAWEST AV,-122.4433119,37.77046975
222,5/10/2015 9:45,Sunday,CENTRAL,1100 Block of CALIFORNIA ST,-122.4132889,37.79146553
223,5/10/2015 9:45,Sunday,CENTRAL,1100 Block of CALIFORNIA ST,-122.4132889,37.79146553
224,5/10/2015 9:45,Sunday,CENTRAL,1100 Block of CALIFORNIA ST,-122.4132889,37.79146553
225,5/10/2015 9:45,Sunday,CENTRAL,1100 Block of CALIFORNIA ST,-122.4132889,37.79146553
226,5/10/2015 9:45,Sunday,MISSION,VALENCIA ST / 19TH ST,-122.4214261,37.7601018
227,5/10/2015 9:44,Sunday,TARAVAL,2000 Block of IRVING ST,-122.4798158,37.76349824
228,5/10/2015 9:24,Sunday,INGLESIDE,4100 Block of MISSION ST,-122.4296149,37.7302697
229,5/10/2015 9:24,Sunday,INGLESIDE,4100 Block of MISSION ST,-122.4296149,37.7302697
230,5/10/2015 9:24,Sunday,INGLESIDE,4100 Block of MISSION ST,-122.4296149,37.7302697
231,5/10/2015 9:24,Sunday,INGLESIDE,4100 Block of MISSION ST,-122.4296149,37.7302697
232,5/10/2015 9:00,Sunday,SOUTHERN,0 Block of 5TH ST,-122.4066986,37.78298351
233,5/10/2015 9:00,Sunday,MISSION,100 Block of DOLORES ST,-122.4267324,37.76666294
234,5/10/2015 9:00,Sunday,MISSION,100 Block of DOLORES ST,-122.4267324,37.76666294
235,5/10/2015 8:50,Sunday,TENDERLOIN,LEAVENWORTH ST / ELLIS ST,-122.4144332,37.78465763
236,5/10/2015 8:50,Sunday,TENDERLOIN,LEAVENWORTH ST / ELLIS ST,-122.4144332,37.78465763
237,5/10/2015 8:40,Sunday,TENDERLOIN,0 Block of GROVE ST,-122.4156537,37.77871965
238,5/10/2015 8:40,Sunday,TENDERLOIN,0 Block of GROVE ST,-122.4156537,37.77871965
239,5/10/2015 8:30,Sunday,NORTHERN,1600 Block of SUTTER ST,-122.4275063,37.78676239
240,5/10/2015 8:10,Sunday,CENTRAL,POST ST / LEAVENWORTH ST,-122.4149967,37.78745307
241,5/10/2015 8:09,Sunday,MISSION,2200 Block of MISSION ST,-122.4192122,37.76102442
242,5/10/2015 8:09,Sunday,MISSION,2200 Block of MISSION ST,-122.4192122,37.76102442
243,5/10/2015 8:09,Sunday,MISSION,2200 Block of MISSION ST,-122.4192122,37.76102442
244,5/10/2015 8:00,Sunday,TARAVAL,4000 Block of MORAGA ST,-122.5060841,37.75486183
245,5/10/2015 8:00,Sunday,SOUTHERN,700 Block of NATOMA ST,-122.4129044,37.77599818
246,5/10/2015 8:00,Sunday,CENTRAL,700 Block of BATTERY ST,-122.4010274,37.79811723
247,5/10/2015 8:00,Sunday,CENTRAL,1600 Block of TAYLOR ST,-122.413689,37.7973382
248,5/10/2015 8:00,Sunday,CENTRAL,GRANT AV / NORTHPOINT ST,-122.4088993,37.80716206
249,5/10/2015 7:30,Sunday,SOUTHERN,200 Block of RITCH ST,-122.3956456,37.78022759
250,5/10/2015 7:11,Sunday,NORTHERN,1400 Block of BUSH ST,-122.4211325,37.78853811
251,5/10/2015 7:11,Sunday,NORTHERN,1400 Block of BUSH ST,-122.4211325,37.78853811
252,5/10/2015 7:02,Sunday,MISSION,MISSION ST / 16TH ST,-122.4196718,37.76505012
253,5/10/2015 6:45,Sunday,CENTRAL,900 Block of HYDE ST,-122.4170443,37.78959528
254,5/10/2015 6:00,Sunday,INGLESIDE,100 Block of THERESA ST,-122.4348598,37.72903052
255,5/10/2015 5:22,Sunday,CENTRAL,2600 Block of TAYLOR ST,-122.4155942,37.80681006
256,5/10/2015 5:22,Sunday,CENTRAL,2600 Block of TAYLOR ST,-122.4155942,37.80681006
257,5/10/2015 5:22,Sunday,CENTRAL,2600 Block of TAYLOR ST,-122.4155942,37.80681006
258,5/10/2015 5:22,Sunday,CENTRAL,2600 Block of TAYLOR ST,-122.4155942,37.80681006
259,5/10/2015 5:15,Sunday,SOUTHERN,800 Block of BRYANT ST,-122.4034048,37.77542071
260,5/10/2015 5:00,Sunday,NORTHERN,700 Block of POLK ST,-122.4193872,37.78378998
261,5/10/2015 4:58,Sunday,SOUTHERN,6TH ST / MISSION ST,-122.4087106,37.78097067
262,5/10/2015 4:58,Sunday,SOUTHERN,6TH ST / MISSION ST,-122.4087106,37.78097067
263,5/10/2015 4:58,Sunday,SOUTHERN,6TH ST / MISSION ST,-122.4087106,37.78097067
264,5/10/2015 4:58,Sunday,SOUTHERN,6TH ST / MISSION ST,-122.4087106,37.78097067
265,5/10/2015 4:47,Sunday,MISSION,19TH ST / SOUTH VAN NESS AV,-122.4170284,37.76036569
266,5/10/2015 4:43,Sunday,TARAVAL,2600 Block of 44TH AV,-122.5020794,37.7371957
267,5/10/2015 4:43,Sunday,TARAVAL,2600 Block of 44TH AV,-122.5020794,37.7371957
268,5/10/2015 4:43,Sunday,TARAVAL,2600 Block of 44TH AV,-122.5020794,37.7371957
269,5/10/2015 4:43,Sunday,BAYVIEW,OAKDALE AV / SELBY ST,-122.3996861,37.73990178
270,5/10/2015 4:42,Sunday,NORTHERN,1300 Block of VANNESS AV,-122.4217342,37.78829613
271,5/10/2015 4:35,Sunday,SOUTHERN,500 Block of 3RD ST,-122.3947991,37.7805662
272,5/10/2015 4:29,Sunday,SOUTHERN,8TH ST / MISSION ST,-122.4131609,37.77745666
273,5/10/2015 4:00,Sunday,SOUTHERN,400 Block of 6TH ST,-122.4036714,37.77703244
274,5/10/2015 3:52,Sunday,NORTHERN,SUTTER ST / VANNESS AV,-122.4217625,37.78754901
275,5/10/2015 3:50,Sunday,TENDERLOIN,0 Block of 5THSTNORTH ST,-122.4086486,37.78491247
276,5/10/2015 3:45,Sunday,PARK,400 Block of ROOSEVELT WY,-122.4428996,37.76415063
277,5/10/2015 3:42,Sunday,NORTHERN,1600 Block of WEBSTER ST,-122.4316127,37.78583295
278,5/10/2015 3:42,Sunday,NORTHERN,1600 Block of WEBSTER ST,-122.4316127,37.78583295
279,5/10/2015 3:40,Sunday,SOUTHERN,200 Block of INTERSTATE80 HY,-122.3655654,37.8096707
280,5/10/2015 3:40,Sunday,SOUTHERN,400 Block of 7TH ST,-122.4051874,37.77455293
281,5/10/2015 3:30,Sunday,PARK,ANZAVISTA AV / ENCANTO AV,-122.4434674,37.77958425
282,5/10/2015 3:15,Sunday,MISSION,VALENCIA ST / 18TH ST,-122.4215817,37.76170072
283,5/10/2015 3:15,Sunday,MISSION,VALENCIA ST / 18TH ST,-122.4215817,37.76170072
284,5/10/2015 3:15,Sunday,MISSION,VALENCIA ST / 18TH ST,-122.4215817,37.76170072
285,5/10/2015 3:02,Sunday,SOUTHERN,TOWNSEND ST / 4TH ST,-122.3949859,37.77709095
286,5/10/2015 3:02,Sunday,SOUTHERN,TOWNSEND ST / 4TH ST,-122.3949859,37.77709095
287,5/10/2015 3:00,Sunday,NORTHERN,100 Block of WILLOW ST,-122.4200785,37.78352149
288,5/10/2015 3:00,Sunday,NORTHERN,100 Block of WILLOW ST,-122.4200785,37.78352149
289,5/10/2015 3:00,Sunday,SOUTHERN,11TH ST / HARRISON ST,-122.4124833,37.77063059
290,5/10/2015 2:44,Sunday,MISSION,4200 Block of 18TH ST,-122.4366574,37.76073566
291,5/10/2015 2:40,Sunday,NORTHERN,1100 Block of FILLMORE ST,-122.4321162,37.78003044
292,5/10/2015 2:28,Sunday,MISSION,19TH ST / SHOTWELL ST,-122.4159298,37.760433
293,5/10/2015 2:28,Sunday,MISSION,19TH ST / SHOTWELL ST,-122.4159298,37.760433
294,5/10/2015 2:12,Sunday,NORTHERN,1300 Block of WEBSTER ST,-122.4310464,37.78302957
295,5/10/2015 2:12,Sunday,NORTHERN,1300 Block of WEBSTER ST,-122.4310464,37.78302957
296,5/10/2015 2:10,Sunday,RICHMOND,48TH AV / CABRILLO ST,-122.5089584,37.77330564
297,5/10/2015 2:10,Sunday,RICHMOND,48TH AV / CABRILLO ST,-122.5089584,37.77330564
298,5/10/2015 2:10,Sunday,NORTHERN,GEARY BL / WEBSTER ST,-122.4312069,37.78456812
299,5/10/2015 2:10,Sunday,NORTHERN,GEARY BL / WEBSTER ST,-122.4312069,37.78456812
300,5/10/2015 1:30,Sunday,CENTRAL,100 Block of COLUMBUS AV,-122.4048958,37.7965642
301,5/10/2015 1:30,Sunday,RICHMOND,500 Block of 12TH AV,-122.4705681,37.77785006
302,5/10/2015 1:30,Sunday,RICHMOND,500 Block of 12TH AV,-122.4705681,37.77785006
303,5/10/2015 1:30,Sunday,RICHMOND,500 Block of 12TH AV,-122.4705681,37.77785006
304,5/10/2015 1:30,Sunday,CENTRAL,VALLEJO ST / POWELL ST,-122.4104595,37.79837144
305,5/10/2015 1:15,Sunday,CENTRAL,THE EMBARCADERONORTH ST / BROADWAY ST,-122.3973919,37.79906588
306,5/10/2015 1:10,Sunday,MISSION,VALENCIA ST / 16TH ST,-122.4218864,37.76491789
307,5/10/2015 1:00,Sunday,PARK,1500 Block of HAYES ST,-122.4419375,37.77440692
308,5/10/2015 1:00,Sunday,CENTRAL,0 Block of CAMPTON PL,-122.4060963,37.78902347
309,5/10/2015 1:00,Sunday,SOUTHERN,400 Block of 6TH ST,-122.4036714,37.77703244
310,5/10/2015 1:00,Sunday,TENDERLOIN,TURK ST / JONES ST,-122.4124143,37.7830038
311,5/10/2015 1:00,Sunday,PARK,1500 Block of HAYES ST,-122.4419375,37.77440692
312,5/10/2015 1:00,Sunday,MISSION,DIAMOND ST / 18TH ST,-122.4371932,37.76075843
313,5/10/2015 0:52,Sunday,NORTHERN,600 Block of LINDEN ST,-122.4286662,37.7757342
314,5/10/2015 0:44,Sunday,MISSION,2100 Block of MISSION ST,-122.4193859,37.76283309
315,5/10/2015 0:40,Sunday,TENDERLOIN,200 Block of MASON ST,-122.4095237,37.7857603
316,5/10/2015 0:39,Sunday,SOUTHERN,800 Block of BRYANT ST,-122.4034048,37.77542071
317,5/10/2015 0:25,Sunday,SOUTHERN,800 Block of BRYANT ST,-122.4034048,37.77542071
318,5/10/2015 0:23,Sunday,TARAVAL,1600 Block of 29TH AV,-122.4874503,37.75654417
319,5/10/2015 0:23,Sunday,TARAVAL,1600 Block of 29TH AV,-122.4874503,37.75654417
320,5/10/2015 0:23,Sunday,TARAVAL,1600 Block of 29TH AV,-122.4874503,37.75654417
321,5/10/2015 0:20,Sunday,INGLESIDE,200 Block of BLYTHDALE AV,-122.4205568,37.71089458
322,5/10/2015 0:20,Sunday,INGLESIDE,200 Block of BLYTHDALE AV,-122.4205568,37.71089458
323,5/10/2015 0:20,Sunday,SOUTHERN,800 Block of BRYANT ST,-122.4034048,37.77542071
324,5/10/2015 0:19,Sunday,PARK,100 Block of HENRY ST,-122.4344665,37.76664845
325,5/10/2015 0:17,Sunday,NORTHERN,FILBERT ST / FILLMORE ST,-122.4356798,37.79802059
326,5/10/2015 0:02,Sunday,MISSION,3000 Block of 16TH ST,-122.4210829,37.76491084
327,5/10/2015 0:02,Sunday,MISSION,3000 Block of 16TH ST,-122.4210829,37.76491084
328,5/10/2015 0:02,Sunday,MISSION,3000 Block of 16TH ST,-122.4210829,37.76491084
329,5/10/2015 0:01,Sunday,TENDERLOIN,300 Block of ELLIS ST,-122.4119876,37.78502266
330,5/10/2015 0:01,Sunday,BAYVIEW,1600 Block of ARMSTRONG AV,-122.3928626,37.72664582
331,5/10/2015 0:01,Sunday,SOUTHERN,1400 Block of HOWARD ST,-122.4149272,37.77352398
332,5/10/2015 0:01,Sunday,NORTHERN,1700 Block of POST ST,-122.4306001,37.78552072
333,5/10/2015 0:01,Sunday,PARK,200 Block of ROOSEVELT WY,-122.4403409,37.76587075
334,5/10/2015 0:01,Sunday,PARK,CLAYTON ST / GROVE ST,-122.4495175,37.77446022
335,5/9/2015 23:57,Saturday,SOUTHERN,1300 Block of STEVENSON ST,-122.4217325,37.77075909
336,5/9/2015 23:57,Saturday,SOUTHERN,1300 Block of STEVENSON ST,-122.4217325,37.77075909
337,5/9/2015 23:35,Saturday,BAYVIEW,CESAR CHAVEZ ST / VERMONT ST,-122.402868,37.74947839
338,5/9/2015 23:32,Saturday,TENDERLOIN,OFARRELL ST / JONES ST,-122.4129705,37.78578838
339,5/9/2015 23:30,Saturday,TARAVAL,1100 Block of OCEAN AV,-122.4546623,37.72348717
340,5/9/2015 23:30,Saturday,TARAVAL,1100 Block of OCEAN AV,-122.4546623,37.72348717
341,5/9/2015 23:30,Saturday,BAYVIEW,1200 Block of 3RD ST,-122.3895176,37.77246824
342,5/9/2015 23:30,Saturday,PARK,1900 Block of GEARY BL,-122.4361973,37.78378829
343,5/9/2015 23:20,Saturday,SOUTHERN,800 Block of BRYANT ST,-122.4034048,37.77542071
344,5/9/2015 23:16,Saturday,TENDERLOIN,600 Block of OFARRELL ST,-122.4153578,37.78554498
345,5/9/2015 23:16,Saturday,TENDERLOIN,600 Block of OFARRELL ST,-122.4153578,37.78554498
346,5/9/2015 23:16,Saturday,TENDERLOIN,600 Block of OFARRELL ST,-122.4153578,37.78554498
347,5/9/2015 23:10,Saturday,SOUTHERN,800 Block of BRYANT ST,-122.4034048,37.77542071
348,5/9/2015 23:00,Saturday,INGLESIDE,0 Block of BLYTHDALE AV,-122.4176788,37.7107673
349,5/9/2015 23:00,Saturday,INGLESIDE,0 Block of BLYTHDALE AV,-122.4176788,37.7107673
350,5/9/2015 23:00,Saturday,BAYVIEW,1100 Block of 8TH ST,-122.3999966,37.76703063
351,5/9/2015 23:00,Saturday,INGLESIDE,100 Block of MADRID ST,-122.4287687,37.72707677
352,5/9/2015 23:00,Saturday,SOUTHERN,600 Block of 3RD ST,-122.393461,37.77949757
353,5/9/2015 23:00,Saturday,PARK,100 Block of CLIFFORD TR,-122.4452435,37.76415986
354,5/9/2015 23:00,Saturday,NORTHERN,2100 Block of CHESTNUT ST,-122.4387233,37.80055836
355,5/9/2015 23:00,Saturday,SOUTHERN,600 Block of TOWNSEND ST,-122.4027397,37.77088424
356,5/9/2015 23:00,Saturday,CENTRAL,1300 Block of GRANT AV,-122.407371,37.79924013
357,5/9/2015 23:00,Saturday,CENTRAL,700 Block of BAY ST,-122.4193811,37.80494692
358,5/9/2015 23:00,Saturday,INGLESIDE,ALEMANY BL / ONONDAGA AV,-122.4386424,37.72162637
359,5/9/2015 23:00,Saturday,MISSION,HARRISON ST / 20TH ST,-122.4125029,37.7590273
360,5/9/2015 23:00,Saturday,MISSION,HARRISON ST / 20TH ST,-122.4125029,37.7590273
361,5/9/2015 22:50,Saturday,MISSION,400 Block of VALENCIA ST,-122.4219351,37.76613439
362,5/9/2015 22:50,Saturday,CENTRAL,300 Block of THE EMBARCADERONORTH ST,-122.3963744,37.79805325
363,5/9/2015 22:50,Saturday,MISSION,400 Block of VALENCIA ST,-122.4219351,37.76613439
364,5/9/2015 22:50,Saturday,MISSION,400 Block of VALENCIA ST,-122.4219351,37.76613439
365,5/9/2015 22:35,Saturday,RICHMOND,BUSH ST / PRESIDIO AV,-122.4464224,37.78536998
366,5/9/2015 22:30,Saturday,SOUTHERN,0 Block of TANDANGSORA ST,-122.4000844,37.78164507
367,5/9/2015 22:30,Saturday,TENDERLOIN,300 Block of EDDY ST,-122.4129305,37.78383444
368,5/9/2015 22:30,Saturday,MISSION,100 Block of DOLORES ST,-122.4264989,37.76747148
369,5/9/2015 22:30,Saturday,PARK,0 Block of CLIFFORD TR,-122.4436185,37.76395203
370,5/9/2015 22:30,Saturday,SOUTHERN,300 Block of 11TH ST,-122.4131894,37.77127369
371,5/9/2015 22:30,Saturday,CENTRAL,2400 Block of HYDE ST,-122.419962,37.80407925
372,5/9/2015 22:30,Saturday,TENDERLOIN,ELLIS ST / LEAVENWORTH ST,-122.4144332,37.78465763
373,5/9/2015 22:25,Saturday,SOUTHERN,800 Block of BRYANT ST,-122.4034048,37.77542071
374,5/9/2015 22:15,Saturday,SOUTHERN,800 Block of BRYANT ST,-122.4034048,37.77542071
375,5/9/2015 22:07,Saturday,INGLESIDE,GENEVA AV / MISSION ST,-122.4410181,37.71645868
376,5/9/2015 22:07,Saturday,INGLESIDE,GENEVA AV / MISSION ST,-122.4410181,37.71645868
377,5/9/2015 22:07,Saturday,INGLESIDE,GENEVA AV / MISSION ST,-122.4410181,37.71645868
378,5/9/2015 22:05,Saturday,CENTRAL,400 Block of GEARY ST,-122.4106997,37.78698819
379,5/9/2015 22:05,Saturday,CENTRAL,400 Block of GEARY ST,-122.4106997,37.78698819
380,5/9/2015 22:00,Saturday,PARK,600 Block of HAIGHT ST,-122.4329402,37.771845
381,5/9/2015 22:00,Saturday,INGLESIDE,300 Block of RICHLAND AV,-122.4184332,37.73563432
382,5/9/2015 22:00,Saturday,PARK,2100 Block of TURK ST,-122.4445335,37.77899161
383,5/9/2015 22:00,Saturday,PARK,0 Block of RIVOLI ST,-122.4486372,37.76254605
384,5/9/2015 22:00,Saturday,SOUTHERN,HARRISON ST / 3RD ST,-122.3973888,37.78255435
385,5/9/2015 22:00,Saturday,SOUTHERN,HARRISON ST / 3RD ST,-122.3973888,37.78255435
386,5/9/2015 22:00,Saturday,NORTHERN,SUTTER ST / POLK ST,-122.4201203,37.78775706
387,5/9/2015 22:00,Saturday,MISSION,SHOTWELL ST / 23RD ST,-122.415322,37.75403431
388,5/9/2015 21:46,Saturday,SOUTHERN,0 Block of 3RD ST,-122.4028355,37.7868009
389,5/9/2015 21:40,Saturday,CENTRAL,THE EMBARCADERONORTH ST / BROADWAY ST,-122.3973919,37.79906588
390,5/9/2015 21:30,Saturday,INGLESIDE,100 Block of PERALTA AV,-122.4086078,37.74678736
391,5/9/2015 21:30,Saturday,MISSION,900 Block of GUERRERO ST,-122.4231072,37.75557304
392,5/9/2015 21:30,Saturday,NORTHERN,VANNESS AV / CLAY ST,-122.4226956,37.79217333
393,5/9/2015 21:14,Saturday,BAYVIEW,1400 Block of THOMAS AV,-122.3885428,37.72878929
394,5/9/2015 21:00,Saturday,PARK,1300 Block of PAGE ST,-122.4430167,37.77140832
395,5/9/2015 21:00,Saturday,PARK,400 Block of CLAYTON ST,-122.4489294,37.77118209
396,5/9/2015 21:00,Saturday,NORTHERN,600 Block of POLK ST,-122.419021,37.78265298
397,5/9/2015 21:00,Saturday,INGLESIDE,900 Block of BRAZIL AV,-122.4271942,37.72110608
398,5/9/2015 21:00,Saturday,MISSION,900 Block of DOLORES ST,-122.4252367,37.75422219
399,5/9/2015 21:00,Saturday,TARAVAL,1500 Block of 36TH AV,-122.4949467,37.75808117
400,5/9/2015 21:00,Saturday,TARAVAL,JUNIPERO SERRA BL / DARIEN WY,-122.4717278,37.73194699
401,5/9/2015 20:55,Saturday,NORTHERN,1200 Block of SUTTER ST,-122.4209638,37.78770463
402,5/9/2015 20:55,Saturday,CENTRAL,THE EMBARCADERONORTH ST / BROADWAY ST,-122.3973919,37.79906588
403,5/9/2015 20:53,Saturday,CENTRAL,300 Block of THE EMBARCADERONORTH ST,-122.3963744,37.79805325
404,5/9/2015 20:46,Saturday,INGLESIDE,300 Block of LELAND AV,-122.4097974,37.71326692
405,5/9/2015 20:46,Saturday,INGLESIDE,300 Block of LELAND AV,-122.4097974,37.71326692
406,5/9/2015 20:31,Saturday,NORTHERN,1800 Block of POST ST,-122.4322303,37.78520546
407,5/9/2015 20:31,Saturday,NORTHERN,1800 Block of POST ST,-122.4322303,37.78520546
408,5/9/2015 20:30,Saturday,NORTHERN,2400 Block of PACIFIC AV,-122.4355842,37.79329421
409,5/9/2015 20:30,Saturday,NORTHERN,2400 Block of PACIFIC AV,-122.4355842,37.79329421
410,5/9/2015 20:30,Saturday,NORTHERN,2400 Block of PACIFIC AV,-122.4355842,37.79329421
411,5/9/2015 20:30,Saturday,CENTRAL,CHESTNUT ST / POWELL ST,-122.4115866,37.80396235
412,5/9/2015 20:20,Saturday,CENTRAL,1200 Block of GRANT AV,-122.4071101,37.79864578
413,5/9/2015 20:20,Saturday,SOUTHERN,800 Block of BRYANT ST,-122.4034048,37.77542071
414,5/9/2015 20:15,Saturday,INGLESIDE,ALEMANY BL / NAGLEE AV,-122.4489489,37.71388568
415,5/9/2015 20:03,Saturday,NORTHERN,1100 Block of FILLMORE ST,-122.4321162,37.78003044
416,5/9/2015 20:00,Saturday,NORTHERN,1600 Block of BROADWAY ST,-122.424262,37.79568405
417,5/9/2015 20:00,Saturday,INGLESIDE,1700 Block of SUNNYDALE AV,-122.4171448,37.71215029
418,5/9/2015 20:00,Saturday,TARAVAL,NORIEGA ST / 44TH AV,-122.4818309,37.7540032
419,5/9/2015 19:56,Saturday,CENTRAL,500 Block of SUTTER ST,-122.4094236,37.78906473
420,5/9/2015 19:55,Saturday,TENDERLOIN,FULTON ST / HYDE ST,-122.4151278,37.77978707
421,5/9/2015 19:52,Saturday,SOUTHERN,800 Block of MARKET ST,-122.4076335,37.78418935
422,5/9/2015 19:50,Saturday,TARAVAL,1700 Block of 11TH AV,-122.4677968,37.75554147
423,5/9/2015 19:40,Saturday,MISSION,300 Block of TREAT AV,-122.4134455,37.76463702
424,5/9/2015 19:30,Saturday,NORTHERN,1900 Block of VANNESS AV,-122.422791,37.7935232
425,5/9/2015 19:30,Saturday,BAYVIEW,QUESADA AV / GRIFFITH ST,-122.3802587,37.7269925
426,5/9/2015 19:12,Saturday,MISSION,1200 Block of POTRERO AV,-122.4063457,37.75234837
427,5/9/2015 19:12,Saturday,MISSION,1200 Block of POTRERO AV,-122.4063457,37.75234837
428,5/9/2015 19:11,Saturday,NORTHERN,POLK ST / HEMLOCK ST,-122.4200215,37.78728071
429,5/9/2015 19:11,Saturday,NORTHERN,POLK ST / HEMLOCK ST,-122.4200215,37.78728071
430,5/9/2015 19:11,Saturday,NORTHERN,POLK ST / HEMLOCK ST,-122.4200215,37.78728071
431,5/9/2015 19:10,Saturday,SOUTHERN,800 Block of BRYANT ST,-122.4034048,37.77542071
432,5/9/2015 19:00,Saturday,BAYVIEW,200 Block of BRIDGEVIEW DR,-122.3974541,37.73418923
433,5/9/2015 19:00,Saturday,TARAVAL,0 Block of HOLLOWAY AV,-122.453613,37.72179778
434,5/9/2015 19:00,Saturday,TARAVAL,0 Block of HOLLOWAY AV,-122.453613,37.72179778
435,5/9/2015 19:00,Saturday,CENTRAL,600 Block of GEARY ST,-122.4139888,37.78656854
436,5/9/2015 19:00,Saturday,TARAVAL,0 Block of HOLLOWAY AV,-122.453613,37.72179778
437,5/9/2015 19:00,Saturday,CENTRAL,600 Block of GEARY ST,-122.4139888,37.78656854
438,5/9/2015 19:00,Saturday,SOUTHERN,800 Block of BRYANT ST,-122.4034048,37.77542071
439,5/9/2015 19:00,Saturday,CENTRAL,0 Block of JEFFERSON ST,-122.4133706,37.80857527
440,5/9/2015 19:00,Saturday,CENTRAL,200 Block of FRANCISCO ST,-122.4098207,37.80508166
441,5/9/2015 19:00,Saturday,SOUTHERN,MISSION ST / SPEAR ST,-122.3940647,37.79253782
442,5/9/2015 19:00,Saturday,NORTHERN,GEARY BL / LAGUNA ST,-122.4279912,37.78495312
443,5/9/2015 18:50,Saturday,SOUTHERN,700 Block of MARKET ST,-122.4052948,37.78630722
444,5/9/2015 18:48,Saturday,SOUTHERN,1200 Block of HOWARD ST,-122.4124474,37.77563367
445,5/9/2015 18:48,Saturday,SOUTHERN,1200 Block of HOWARD ST,-122.4124474,37.77563367
446,5/9/2015 18:45,Saturday,CENTRAL,2700 Block of HYDE ST,-122.4205347,37.80618922
447,5/9/2015 18:40,Saturday,NORTHERN,VANNESS AV / FELL ST,-122.4195075,37.7763701
448,5/9/2015 18:36,Saturday,INGLESIDE,PROSPECT AV / EUGENIA AV,-122.4200518,37.74146431
449,5/9/2015 18:36,Saturday,INGLESIDE,PROSPECT AV / EUGENIA AV,-122.4200518,37.74146431
450,5/9/2015 18:36,Saturday,INGLESIDE,PROSPECT AV / EUGENIA AV,-122.4200518,37.74146431
451,5/9/2015 18:35,Saturday,RICHMOND,300 Block of 11TH AV,-122.4697662,37.78171356
452,5/9/2015 18:35,Saturday,RICHMOND,300 Block of 11TH AV,-122.4697662,37.78171356
453,5/9/2015 18:35,Saturday,RICHMOND,300 Block of 11TH AV,-122.4697662,37.78171356
454,5/9/2015 18:34,Saturday,SOUTHERN,900 Block of HOWARD ST,-122.4065085,37.78033132
455,5/9/2015 18:31,Saturday,NORTHERN,POLK ST / MYRTLE ST,-122.4196414,37.78543273
456,5/9/2015 18:31,Saturday,NORTHERN,POLK ST / MYRTLE ST,-122.4196414,37.78543273
457,5/9/2015 18:30,Saturday,MISSION,POTRERO AV / CESAR CHAVEZ ST,-122.4050969,37.74911001
458,5/9/2015 18:30,Saturday,MISSION,POTRERO AV / CESAR CHAVEZ ST,-122.4050969,37.74911001
459,5/9/2015 18:30,Saturday,MISSION,POTRERO AV / CESAR CHAVEZ ST,-122.4050969,37.74911001
460,5/9/2015 18:30,Saturday,INGLESIDE,VISITACION AV / SAWYER ST,-122.4143713,37.71324683
461,5/9/2015 18:26,Saturday,MISSION,1000 Block of POTRERO AV,-122.4065391,37.75648641
462,5/9/2015 18:25,Saturday,PARK,HAIGHT ST / STANYAN ST,-122.4535346,37.7691663
463,5/9/2015 18:20,Saturday,INGLESIDE,600 Block of MONTEREY BL,-122.4500266,37.73144008
464,5/9/2015 18:20,Saturday,SOUTHERN,1500 Block of MISSION ST,-122.4179754,37.77375094
465,5/9/2015 18:15,Saturday,SOUTHERN,1200 Block of MARKET ST,-122.4154442,37.77802457
466,5/9/2015 18:14,Saturday,INGLESIDE,SUNNYDALE AV / HAHN ST,-122.4160002,37.71191554
467,5/9/2015 18:08,Saturday,BAYVIEW,700 Block of KIRKWOOD AV,-122.3740193,37.72920336
468,5/9/2015 18:08,Saturday,RICHMOND,2700 Block of JACKSON ST,-122.4403262,37.79168063
469,5/9/2015 18:00,Saturday,PARK,200 Block of CENTRAL AV,-122.4440004,37.77182705
470,5/9/2015 18:00,Saturday,SOUTHERN,1000 Block of MISSION ST,-122.4098928,37.7801135
471,5/9/2015 18:00,Saturday,SOUTHERN,MARKET ST / OCTAVIA ST,-122.4236195,37.77171572
472,5/9/2015 18:00,Saturday,MISSION,21ST ST / VALENCIA ST,-122.4211185,37.75690115
473,5/9/2015 18:00,Saturday,SOUTHERN,4TH ST / SHIPLEY ST,-122.4006174,37.78158762
474,5/9/2015 17:43,Saturday,MISSION,1000 Block of POTRERO AV,-122.4065391,37.75648641
475,5/9/2015 17:43,Saturday,MISSION,1000 Block of POTRERO AV,-122.4065391,37.75648641
476,5/9/2015 17:43,Saturday,MISSION,1000 Block of POTRERO AV,-122.4065391,37.75648641
477,5/9/2015 17:43,Saturday,MISSION,1000 Block of POTRERO AV,-122.4065391,37.75648641
478,5/9/2015 17:40,Saturday,CENTRAL,200 Block of GEARY ST,-122.407413,37.78740741
479,5/9/2015 17:28,Saturday,SOUTHERN,0 Block of 7TH ST,-122.4114689,37.77955797
480,5/9/2015 17:24,Saturday,TARAVAL,3200 Block of 20TH AV,-122.4756475,37.72852806
481,5/9/2015 17:24,Saturday,TARAVAL,3200 Block of 20TH AV,-122.4756475,37.72852806
482,5/9/2015 17:24,Saturday,TARAVAL,3200 Block of 20TH AV,-122.4756475,37.72852806
483,5/9/2015 17:20,Saturday,TARAVAL,20TH AV / WINSTON DR,-122.4760394,37.72694944
484,5/9/2015 17:11,Saturday,INGLESIDE,600 Block of SAN JOSE AV,-122.4218052,37.74593903
485,5/9/2015 17:00,Saturday,CENTRAL,KEARNY ST / NORTHPOINT ST,-122.4072787,37.80741901
486,5/9/2015 17:00,Saturday,RICHMOND,GEARY BL / FUNSTON AV,-122.4717757,37.78067995
487,5/9/2015 16:56,Saturday,PARK,HAIGHT ST / ASHBURY ST,-122.4469333,37.7700062
488,5/9/2015 16:30,Saturday,INGLESIDE,PERSIA AV / MADRID ST,-122.4328047,37.72161791
489,5/9/2015 16:30,Saturday,SOUTHERN,4TH ST / TOWNSEND ST,-122.3949859,37.77709095
490,5/9/2015 16:29,Saturday,MISSION,500 Block of DIAMOND ST,-122.4365594,37.75314555
491,5/9/2015 16:18,Saturday,INGLESIDE,0 Block of NANTUCKET AV,-122.441439,37.72818176
492,5/9/2015 16:18,Saturday,INGLESIDE,0 Block of NANTUCKET AV,-122.441439,37.72818176
493,5/9/2015 16:15,Saturday,NORTHERN,1100 Block of BUCHANAN ST,-122.4286923,37.78046678
494,5/9/2015 16:06,Saturday,TENDERLOIN,200 Block of LEAVENWORTH ST,-122.4142178,37.78325933
495,5/9/2015 16:06,Saturday,TENDERLOIN,200 Block of LEAVENWORTH ST,-122.4142178,37.78325933
496,5/9/2015 16:06,Saturday,TENDERLOIN,200 Block of LEAVENWORTH ST,-122.4142178,37.78325933
497,5/9/2015 16:00,Saturday,BAYVIEW,0 Block of BAYVIEW ST,-122.3937102,37.73273891
498,5/9/2015 16:00,Saturday,NORTHERN,2200 Block of POLK ST,-122.4219401,37.79714389
